{
  "mappings":[
    {
      "request": {
        "url": "/test?param1=0",
        "method": "GET"

      },
      "response": {
        "status": 200,
        "transformerParameters": {
          "newValue": 66,
          "inner": {
            "thing": "value"
          }
        }
      }
    },
    {
      "request": {
        "url": "/test",
        "method": "GET"
      },
      "response": {
        "status": 500,
        "jsonBody": { "status": "Error", "message": "Param is requiered" },
        "headers": {
          "Content-Type": "application/json"
        }
      }
    }
  ]
}