{
  "mappings": [
    {
      "request": {
        "url": "/api/v1/branches-dropdown",
        "method": "GET"
      },
      "response": {
        "status": 200,
        "headers": {
          "Content-Type": "application/json",
          "Access-Control-Allow-Origin": "*",
          "Access-Control-Allow-Methods": "GET, POST, PUT, DELETE, OPTIONS",
          "Access-Control-Allow-Headers": "X-Requested-With,Content-Type,Accept,Origin"
        },
        "jsonBody": {
          "dropdown": [
            {
              "id": "13930fa2-b902-1111-8f33-a90a08bb9a66",
              "displayName": "Wisconsin 66"
            },
            {
              "id": "23930fa2-b902-2222-8f33-a90a08bb9a66",
              "displayName": "Utah 85"
            },
            {
              "id": "33930fa2-b902-48b9-8f33-a90a08bb9a66",
              "displayName": "Alabama 32"
            },
            {
              "id": "43930fa2-b902-48b9-8f33-a90a08bb9a66",
              "displayName": "Massachusetts 58"
            },
            {
              "id": "463930fa2-b902-48b9-8f33-a90a08bb9a66",
              "displayName": "Missouri 23"
            }
          ]
        }
      }
    }
  ]
}
