{
  "mappings": [
    {
      "request": {
        "url": "/api/v1/check-formats/dropdown",
        "method": "GET"
      },
      "response": {
        "status": 200,
        "headers": {
          "Content-Type": "application/json",
          "Access-Control-Allow-Origin": "*",
          "Access-Control-Allow-Methods": "GET, POST, PUT, DELETE, OPTIONS",
          "Access-Control-Allow-Headers": "X-Requested-With,Content-Type,Accept,Origin"
        },
        "jsonBody": {
          "dropdown": [
            {
              "id": "1",
              "displayName": "W4 regular check format"
            },
            {
              "id": "2",
              "displayName": "Lorem ipsum format"
            },
            {
              "id": "3",
              "displayName": "Basic check"
            },
            {
              "id": "4",
              "displayName": "Nevada state check format"
            },
            {
              "id": "5",
              "displayName": "Florida state check format"
            },
            {
              "id": "6",
              "displayName": "DY 66 format"
            },
            {
              "id": "7",
              "displayName": "Sick pay check format"
            },
            {
              "id": "8",
              "displayName": "Ohio State format"
            }
          ]
        }
      }
    }
  ]
}
