{
  "mappings": [
    {
      "request": {
        "url": "/api/v1/client-terms/dropdown",
        "method": "GET"
      },
      "response": {
        "status": 200,
        "headers": {
          "Content-Type": "application/json",
          "Access-Control-Allow-Origin": "*",
          "Access-Control-Allow-Methods": "GET, POST, PUT, DELETE, OPTIONS",
          "Access-Control-Allow-Headers": "X-Requested-With,Content-Type,Accept,Origin"
        },
        "jsonBody": {
          "dropdown": [
            {
              "id": "3c485246-ac45-4f5b-9521-ede12a446681",
              "displayName": "Basic legal statement"
            },
            {
              "id": "f14f7b33-994c-4439-82ea-ef3c55a30be5",
              "displayName": "Terms and conditions"
            },
            {
              "id": "058e2c5d-3ac5-4121-86b4-2ad69486ab5b",
              "displayName": "State law"
            },
            {
              "id": "a93e1e7b-b7ee-42ee-b16e-4a3af26f9ccd",
              "displayName": "Final notification"
            },
            {
              "id": "7246223e-cc8a-4a88-8837-71be08269e06",
              "displayName": "Confidentiality agreements"
            }
          ]
        }
      }
    }
  ]
}
