{
  "priority": 1,
  "request": {
    "method": "POST",
    "url": "/api/v1/branches",
    "headers": {
      "Content-Type": {
        "equalTo": "application/json"
      }
    },
    "bodyPatterns": [
      {
        "matchesJsonPath": "$.branchName"
      },
      {
        "matchesJsonPath": "$.branchCode"
      },
      {
        "matchesJsonPath": "$.phone"
      },
      {
        "matchesJsonPath": "$.fax"
      },
      {
        "matchesJsonPath": "$.address"
      },
      {
        "matchesJsonPath": "$.addressLine2"
      },
      {
        "matchesJsonPath": "$.state"
      },
      {
        "matchesJsonPath": "$.city"
      },
      {
        "matchesJsonPath": "$.postalCode"
      },
      {
        "matchesJsonPath": "$.geoLocation"
      },
      {
        "matchesJsonPath": "$.payLimitDaily"
      },
      {
        "matchesJsonPath": "$.payLimitWeekly"
      },
      {
        "matchesJsonPath": "$.payCycle"
      },
      {
        "matchesJsonPath": "$.isVoluntaryDeductionApproveRequired"
      },
      {
        "matchesJsonPath": "$.scannerIp"
      },
      {
        "matchesJsonPath": "$.checkPrinterIp"
      },
      {
        "matchesJsonPath": "$.reportPrinterIp"
      },
      {
        "matchesJsonPath": "$.defaultCheckPrintingFormatId"
      },
      {
        "matchesJsonPath": "$.sickCheckPrintingFormatId"
      },
      {
        "matchesJsonPath": "$.depositPrintingFormatId"
      },
      {
        "matchesJsonPath": "$.compCode"
      },
      {
        "matchesJsonPath": "$.defaultTaxId"
      },
      {
        "matchesJsonPath": "$.futaSutaSid"
      }
    ]
  },
  "response": {
    "status": 200,
    "jsonBody": {
      "message": "Branch registered successfully."
    },
    "headers": {
      "Content-Type": "application/json",
      "Access-Control-Allow-Origin": "*",
      "Access-Control-Allow-Methods": "GET, POST, PUT, DELETE, OPTIONS",
      "Access-Control-Allow-Headers": "Origin, Accept, Content-Type, X-Requested-With, X-CSRF-Token"
    }
  }
}