{
  "priority": 2,
  "request": {
    "method": "POST",
    "url": "/api/v1/branches",
    "headers": {
      "Content-Type": {
        "equalTo": "application/json"
      }
    }
  },
  "response": {
    "status": 400,
    "body": "{\"error\": {\"code\": \"unique_error_code\", \"message\": \"Human-readable message describing the error.\", \"details\": [{\"field\": \"fieldName\", \"message\": \"Detailed message about the error related to the field.\"}]}}",
    "headers": {
      "Content-Type": "application/json"
    }
  }
}
