{
  "priority": 1,
  "request": {
    "method": "POST",
    "url": "/api/v1/clients",
    "headers": {
      "Content-Type": {
        "equalTo": "application/json"
      }
    },
    "bodyPatterns": [
      {
        "matchesJsonPath": "$.clientName"
      },
      {
        "matchesJsonPath": "$.creditLimit"
      },
      {
        "matchesJsonPath": "$.clientTerms"
      },
      {
        "matchesJsonPath": "$.branch"
      },
      {
        "matchesJsonPath": "$.invoiceMethod"
      },
      {
        "matchesJsonPath": "$.invoiceFormat"
      },
      {
        "matchesJsonPath": "$.streetAddressLine1"
      },
      {
        "matchesJsonPath": "$.streetAddressLine2"
      },
      {
        "matchesJsonPath": "$.state"
      },
      {
        "matchesJsonPath": "$.zipCode"
      },
      {
        "matchesJsonPath": "$.mainPhone"
      },
      {
        "matchesJsonPath": "$.faxLine"
      },
      {
        "matchesJsonPath": "$.clientCompCode"
      },
      {
        "matchesJsonPath": "$.name"
      },
      {
        "matchesJsonPath": "$.lastName"
      },
      {
        "matchesJsonPath": "$.cellPhone"
      },
      {
        "matchesJsonPath": "$.email"
      },
      {
        "matchesJsonPath": "$.isClientAppEnable"
      },
      {
        "matchesJsonPath": "$.isBillAndInvoiceEnable"
      },
      {
        "matchesJsonPath": "$.isApprovalAndCreationEnable"
      },
      {
        "matchesJsonPath": "$.isRateWorkersEnable"
      }
    ]
  },
  "response": {
    "status": 200,
    "jsonBody": {
      "message": "Client registered successfully."
    },
    "headers": {
      "Content-Type": "application/json",
      "Access-Control-Allow-Origin": "*",
      "Access-Control-Allow-Methods": "GET, POST, PUT, DELETE, OPTIONS",
      "Access-Control-Allow-Headers": "Origin, Accept, Content-Type, X-Requested-With, X-CSRF-Token"
    }
  }
}
