{
    "priority": 1,
    "request": {
        "method": "POST",
        "url": "/api/users",
        "headers": {
            "Content-Type": {
                "equalTo": "application/json"
            }
        },
        "bodyPatterns": [
            {
                "matchesJsonPath": "$.username"
            },
            {
                "matchesJsonPath": "$.email"
            },
            {
                "matchesJsonPath": "$.password"
            }
        ]
    },
    "response": {
        "status": 200,
        "jsonBody": {
            "message": "User registered successfully."
        },
        "headers": {
            "Content-Type": "application/json"
        }
    }
}