{
  "mappings": [
    {
      "request": {
        "url": "/api/v1/futa-suta-sdi/dropdown",
        "method": "GET"
      },
      "response": {
        "status": 200,
        "headers": {
          "Content-Type": "application/json",
          "Access-Control-Allow-Origin": "*",
          "Access-Control-Allow-Methods": "GET, POST, PUT, DELETE, OPTIONS",
          "Access-Control-Allow-Headers": "X-Requested-With,Content-Type,Accept,Origin"
        },
        "jsonBody": {
          "dropdown": [
            {
              "id": "1",
              "displayName": "Illinois"
            },
            {
              "id": "2",
              "displayName": "California"
            },
            {
              "id": "3",
              "displayName": "New Jersey"
            },
            {
              "id": "4",
              "displayName": "Texas"
            },
            {
              "id": "5",
              "displayName": "Kentucky"
            },
            {
              "id": "6",
              "displayName": "Rhode Island"
            },
            {
              "id": "7",
              "displayName": "Utah"
            },
            {
              "id": "8",
              "displayName": "Alaska"
            }
          ]
        }
      }
    }
  ]
}