{
  "mappings": [
    {
      "request": {
        "url": "/api/v1/invoice-methods/dropdown",
        "method": "GET"
      },
      "response": {
        "status": 200,
        "headers": {
          "Content-Type": "application/json",
          "Access-Control-Allow-Origin": "*",
          "Access-Control-Allow-Methods": "GET, POST, PUT, DELETE, OPTIONS",
          "Access-Control-Allow-Headers": "X-Requested-With,Content-Type,Accept,Origin"
        },
        "jsonBody": {
          "dropdown": [
            {
              "id": "1",
              "displayName": "Paper - with time tickets"
            },
            {
              "id": "2",
              "displayName": "Paper - invoice only"
            },
            {
              "id": "3",
              "displayName": "Email - with time tickets"
            },
            {
              "id": "4",
              "displayName": "Email - invoice only"
            }
          ]
        }
      }
    }
  ]
}
