{
  "mappings": [
    {
      "request": {
        "url": "/api/v1/invoice-formats/dropdown",
        "method": "GET"
      },
      "response": {
        "status": 200,
        "headers": {
          "Content-Type": "application/json",
          "Access-Control-Allow-Origin": "*",
          "Access-Control-Allow-Methods": "GET, POST, PUT, DELETE, OPTIONS",
          "Access-Control-Allow-Headers": "X-Requested-With,Content-Type,Accept,Origin"
        },
        "jsonBody": {
          "dropdown": [
            {
              "id": "1",
              "displayName": "A"
            },
            {
              "id": "2",
              "displayName": "B"
            },
            {
              "id": "3",
              "displayName": "C"
            },
            {
              "id": "4",
              "displayName": "D"
            },
            {
              "id": "5",
              "displayName": "E"
            }
          ]
        }
      }
    }
  ]
}
