{
  "mappings": [
    {
      "priority": 1,
      "request": {
        "method": "GET",
        "url": "/api/v1/clients",
        "headers": {
          "Content-Type": {
            "equalTo": "application/json"
          }
        }
      },
      "response": {
        "status": 200,
        "jsonBody": {
          "totalElements": 6,
          "size": 10,
          "page": 1,
          "sort": "name,asc",
          "filterNameCode": "",
          "filterState": "",
          "filterStartDate": "",
          "filterEndDate": "",
          "filterStatus": "ACTIVE",
          "content": [
            {
              "clientCode": "4759375",
              "clientName": "McDonald's LLC",
              "lastOrdersBranch": "Washington 74",
              "lastOrdersDate": "2024-02-23T14:30:00Z",
              "lastInvoicesDate": "2024-02-23T14:30:00Z",
              "status": "Active",
              "unpaidInvoices": 5
            },
            {
              "clientCode": "4759376",
              "clientName": "Apple",
              "lastOrdersBranch": "Washington 74",
              "lastOrdersDate": "2024-02-23T14:30:00Z",
              "lastInvoicesDate": "2024-02-23T14:30:00Z",
              "status": "InActive",
              "unpaidInvoices": 5
            },
            {
              "clientCode": "4759377",
              "clientName": "Tesla",
              "lastOrdersBranch": "Washington 74",
              "lastOrdersDate": "2024-02-23T14:30:00Z",
              "lastInvoicesDate": "2024-02-23T14:30:00Z",
              "status": "DNS",
              "unpaidInvoices": 5
            },
            {
              "clientCode": "4759378",
              "clientName": "Visa",
              "lastOrdersBranch": "Washington 74",
              "lastOrdersDate": "2024-02-23T14:30:00Z",
              "lastInvoicesDate": "2024-02-23T14:30:00Z",
              "status": "In Legal",
              "unpaidInvoices": 5
            },
            {
              "clientCode": "4759379",
              "clientName": "Mastercard",
              "lastOrdersBranch": "Washington 74",
              "lastOrdersDate": "2024-02-23T14:30:00Z",
              "lastInvoicesDate": "2024-02-23T14:30:00Z",
              "status": "Active",
              "unpaidInvoices": 5
            },
            {
              "clientCode": "4759380",
              "clientName": "Facebook",
              "lastOrdersBranch": "Washington 74",
              "lastOrdersDate": "2024-02-23T14:30:00Z",
              "lastInvoicesDate": "2024-02-23T14:30:00Z",
              "status": "Active",
              "unpaidInvoices": 5
            }
          ]
        },
        "headers": {
          "Content-Type": "application/json",
          "Access-Control-Allow-Origin": "*",
          "Access-Control-Allow-Methods": "GET, POST, PUT, DELETE, OPTIONS",
          "Access-Control-Allow-Headers": "Origin, Accept, Content-Type, X-Requested-With, X-CSRF-Token"
        }
      }
    },
    {
      "priority": 2,
      "request": {
        "method": "GET",
        "url": "/api/v1/clients?name=McD&branch=13930fa2-b902-1111-8f33-a90a08bb9a66&lastOrderDateStart=2024-01-01&lastOrderDateEnd=2024-01-30&status=ACTIVE",
        "headers": {
          "Content-Type": {
            "equalTo": "application/json"
          }
        }
      },
      "response": {
        "status": 200,
        "jsonBody":{
          "totalElements": 6,
          "size": 10,
          "page": 1,
          "sort": "name,asc",
          "filterNameCode": "",
          "filterState": "",
          "filterStartDate": "",
          "filterEndDate": "",
          "filterStatus": "ACTIVE",
          "content": [
            {
              "clientCode": "4759375",
              "clientName": "McDonald's LLC",
              "lastOrdersBranch": "Washington 74",
              "lastOrdersDate": "10/10/2022",
              "lastInvoicesDate": "10/10/2022",
              "status": "Active",
              "unpaidInvoices": 5
            },
            {
              "clientCode": "4759376",
              "clientName": "Apple",
              "lastOrdersBranch": "Washington 74",
              "lastOrdersDate": "10/10/2022",
              "lastInvoicesDate": "10/10/2022",
              "status": "InActive",
              "unpaidInvoices": 5
            },
            {
              "clientCode": "4759377",
              "clientName": "Tesla",
              "lastOrdersBranch": "Washington 74",
              "lastOrdersDate": "10/10/2022",
              "lastInvoicesDate": "10/10/2022",
              "status": "DNS",
              "unpaidInvoices": 5
            },
            {
              "clientCode": "4759378",
              "clientName": "Visa",
              "lastOrdersBranch": "Washington 74",
              "lastOrdersDate": "10/10/2022",
              "lastInvoicesDate": "10/10/2022",
              "status": "In Legal",
              "unpaidInvoices": 5
            },
            {
              "clientCode": "4759379",
              "clientName": "Mastercard",
              "lastOrdersBranch": "Washington 74",
              "lastOrdersDate": "10/10/2022",
              "lastInvoicesDate": "10/10/2022",
              "status": "Active",
              "unpaidInvoices": 5
            },
            {
              "clientCode": "4759380",
              "clientName": "Facebook",
              "lastOrdersBranch": "Washington 74",
              "lastOrdersDate": "10/10/2022",
              "lastInvoicesDate": "10/10/2022",
              "status": "Active",
              "unpaidInvoices": 5
            }
          ]
        },
        "headers": {
          "Content-Type": "application/json",
          "Access-Control-Allow-Origin": "*",
          "Access-Control-Allow-Methods": "GET, POST, PUT, DELETE, OPTIONS",
          "Access-Control-Allow-Headers": "Origin, Accept, Content-Type, X-Requested-With, X-CSRF-Token"
        }
      }
    }
  ]
}
