{
  "mappings": [
    {
      "request": {
        "url": "/api/v1/branches?page=1&size=10&sort=name%2Casc&nameCode=branch%2Cname&state=CA&startDate=2024-01-15&endDate=2024-01-20&status=ACTIVE",
        "method": "GET"
      },
      "response": {
        "status": 200,
        "headers": {
          "Content-Type": "application/json",
          "Access-Control-Allow-Origin": "*",
          "Access-Control-Allow-Methods": "GET, POST, PUT, DELETE, OPTIONS",
          "Access-Control-Allow-Headers": "X-Requested-With,Content-Type,Accept,Origin"
        },
        "jsonBody": {
          "totalElements": 15,
          "size": 10,
          "page": 1,
          "sort": "name,asc",
          "nameCode": "branch name",
          "state": "CA",
          "startDate": "20/01/2024",
          "endDate": "22/02/2024",
          "status": "ACTIVE",
          "content": [
            {
              "branchCode": "123",
              "branchName": "Central Branch",
              "phone": "555-1234",
              "fax": "555-1235",
              "address": "123 Main St, Anytown, AT 12345",
              "modifiedAt": "2024-02-23T14:30:00Z",
              "status": "Active"
            },
            {
              "branchCode": "123",
              "branchName": "North Branch",
              "phone": "555-2234",
              "fax": "555-2235",
              "address": "456 North St, Anytown, AT 12345",
              "modifiedAt": "2024-02-23T15:00:00Z",
              "status": "Active"
            },
            {
              "branchCode": "123",
              "branchName": "South Branch",
              "phone": "555-3234",
              "fax": "555-3235",
              "address": "789 South St, Anytown, AT 12345",
              "modifiedAt": "2024-02-23T15:30:00Z",
              "status": "Active"
            },
            {
              "branchCode": "123",
              "branchName": "East Branch",
              "phone": "555-4234",
              "fax": "555-4235",
              "address": "101 East St, Anytown, AT 12345",
              "modifiedAt": "2024-02-23T16:00:00Z",
              "status": "Active"
            },
            {
              "branchCode": "123",
              "branchName": "West Branch",
              "phone": "555-5234",
              "fax": "555-5235",
              "address": "202 West St, Anytown, AT 12345",
              "modifiedAt": "2024-02-23T16:30:00Z",
              "status": "Active"
            },
            {
              "branchCode": "123",
              "branchName": "Newtown Branch",
              "phone": "555-6234",
              "fax": "555-6235",
              "address": "303 New St, Newtown, AT 12345",
              "modifiedAt": "2024-02-23T17:00:00Z",
              "status": "Active"
            }
          ]
        }
      }
    }
  ]
}
