{
  "mappings": [
    {
      "request": {
        "url": "/api/v1/states/dropdown",
        "method": "GET"
      },
      "response": {
        "status": 200,
        "headers": {
          "Content-Type": "application/json",
          "Access-Control-Allow-Origin": "*",
          "Access-Control-Allow-Methods": "GET, POST, PUT, DELETE, OPTIONS",
          "Access-Control-Allow-Headers": "X-Requested-With,Content-Type,Accept,Origin"
        },
        "jsonBody": {
          "dropdown": [
            {
              "id": "1",
              "displayName": "Rhone Island"
            },
            {
              "id": "2",
              "displayName": "Tennessee"
            },
            {
              "id": "3",
              "displayName": "Vermont"
            },
            {
              "id": "4",
              "displayName": "Wisconsin"
            },
            {
              "id": "5",
              "displayName": "West Virginia"
            },
            {
              "id": "6",
              "displayName": "Mississippi"
            },
            {
              "id": "7",
              "displayName": "Massachusetts"
            }
          ]
        }
      }
    }
  ]
}
